Title,View Count,Subscriber Count,Video Count
YouTube TV,16561757,369000,80
Talent Recap,6462549813,13000000,5478
Love YourSelf,475384601,1560000,1817
Real Engineering,461006113,4210000,185
Leo - Topic,35957,143,3
Outdoor Boys,1372025505,7780000,409
The World of Boxing!,604742981,3760000,127
FailArmy,3647174105,16800000,499
Ambient Renders,66461257,316000,120
PBS Eons,642573410,2880000,385
HISTORY,4396794277,13000000,9791
HC Mustang Network,6124,232,35
YoungBoy Never Broke Again,14232130537,13200000,175
HARDY,652164090,555000,58
JVKE,2831214762,10300000,375
Noah Kahan,385185704,519000,161
gotyemusic,2655079339,2600000,54
Yung Miami - Topic,817088,2560,7
Sia,14052258533,23100000,218
Maggie Rogers,121364922,293000,19
Pop Music,1764191,5160,28
Highlight Reel,2322536672,2250000,724
Classical Masterpieces,37179101,254000,467
Stuff Made Here,287226051,4420000,32
Bleacher Report,3148005228,3770000,12974
Fortnite,2675086276,12000000,1227
Paramount Plus,1316880753,1170000,71111
Grian,2396146475,8430000,741
K A C E Y M U S G R A V E S,351590435,633000,41
GoodTimesWithScar,285509777,2070000,1441
Kanye West,7002762605,10100000,13
WWE,81541346174,99400000,73909
MaxCraft,363060602,1550000,105
Latto,865756630,1910000,334
Street Fighter,115139422,308000,626
Fox News,16126544384,11100000,101826
Cozy Coffee Shop,46188093,129000,809
Peter Santenello,407405851,2770000,319
The Film Theorists,2960272868,12800000,468
Grainger,69841775,16000,701
MrBeast,42724803397,238000000,775
Seven Pointer,7687991,34400,8
Gloomzy,54387130,314000,560
Tripper Tours,59897264,193000,79
SB Mowing,204837085,1860000,117
Entertainment Access,3382656351,7250000,5795
Kitchen Nightmares,4309887696,6650000,1820
jackfrags,1874622540,4100000,3669
How To Cook That,932996999,4950000,517
Jaiden,27251756,917000,20
Business Insider,4865868431,8910000,6188
TG Plays,2674374016,7330000,1206
YouTube,2938687937,39300000,660
Sarah Rosebud,404477,28500,35
Davvy Chappy,32458825,140000,264
Kanekuo,16386270,100000,38
Miscast,9307988,160000,119
Dicebreaker,13078613,104000,961
Dimension 20,120763192,889000,232
Critical Role,721917987,2190000,780
Roll20,19096262,85000,640
Incredible Dream Studios,941144,1390,86
Outside Xtra,399202453,1010000,1394
No Rolls Barred,57916204,323000,366
brickstudios,16833854,48900,192
Soulful Screen TV,6406386,15300,58
Quantum Tech HD,4838427797,13000000,694
Cat Angels United,28914523,120000,27
Google Chrome,481955066,2120000,532
4K Video Nature - Focus Music,58983191,284000,176
NBC News,6952022416,9650000,61016
Bluey - Official Channel,3751764713,5110000,708
The Deal Guy,306332657,2510000,1501
RealLifeLore,1587444901,7320000,343
Al Bladez,238348864,1160000,186
RELAXATION (LoFi & CHILL),9104161,82100,300
Gaby Music,58356268,71400,1
Guitar Instrumental,17140726,80800,246
Classic Music,18758305,74700,276
Music Heals the Soul,35344062,226000,325
TOP Songs ,1606331,3100,30
Rick Beato,744116405,3930000,1337
Soft Rock,5261508,26800,97
Sky News Australia,4140464784,3900000,137521
Lofi Girl,1841294654,13900000,132
Veritasium,2397252915,14700000,387
Pawn Stars,2825466865,3120000,1884
Peaceful Relaxation,9228215,39500,171
Marques Brownlee,4055628847,18400000,1629
GQ Sports,592279741,1280000,632
TrailerSpot,294807430,2850000,851
Pixar,4141100304,7750000,818
PewDiePie,29225930718,111000000,4751
Mumbo Jumbo,3009177011,9320000,2060
Mary O. Paddock,2896,1510,6
SOUL DEEP,46625872,53100,124
New Country Melody,281892,2770,61
SpongeBob SquarePants Official,5632451403,6720000,1347
Sea Deep 4K,3316102,6550,151
Garwood Borough,8621,149,114
MSNBC,12050180260,6450000,77983
Classic Rock Collection,7336660,40600,97
PVSchools,314763,2720,425
Settled,108788129,676000,214
Deep Board,19873143,80000,78
Tucker Carlson Network,55164112,369000,170
Utah Clean Energy Group,0,485,0
Cas van de Pol,1687284396,6390000,192
Jynxzi,579173889,2590000,954
La La Land,23953954,83500,777
RemixSphere,2351181,17900,48
The Telegraph,3831924173,5280000,33038
Aesthetic Lofi,28214633,185000,294
TD BRICKS,1407040056,4280000,586
Redlist Country,6260539,25400,1749
Saturday Night Live,15503671719,14000000,8581
JOLLY,1135485172,3750000,747
Best Documentary,969220869,4190000,1648
Cafe Cozy Jazz,36638770,80300,662
McCormick Corporate,12462799,7840,57
Chill Hop Beats - Topic,22525,32,4517
Soul Radio,7494441,46200,410
Apple,1198566326,18700000,191
ASMR Art of Sound - Topic,16730,69,964
Top Alternative Rock,10155388,20500,249
House Relax,28644562,56100,248
Junkyard Digs,164814948,1110000,228
Reggae Music ,16098664,79200,789
Beast 2024,1374,275,0
ABC7,1763450655,1880000,18582
Jermie,177,14,7
Hacienda La Puente Unified School District,46266,921,70
Taste of Country,380759038,764000,3287
Action Society,112270285,109000,752
Guardian News,2918925228,3480000,16592
Music Express,28267272,135000,340
Architectural Digest,1297558080,6490000,815
JRE Daily Clips,220089205,364000,438
Classical Mastermind,11133858,65200,479
PrestonPlayz,6229663516,15200000,980
ImDavisss,35638286,536000,131
Bossa Nova & Jazz ,3726275,21900,140
BBC,10222752233,14000000,18164
Dhar Mann Studios,13404239613,20600000,1141
Comedy Bites,808866242,507000,1327
Fox Business,3053805886,2390000,70236
Eternity,4628838,21200,227
Meditative Vibes,24246618,249000,391
HQ Remastered Music,3655402,11100,879
Vlad and Niki,84981824647,110000000,656
The Trench Family,5695856562,6960000,1349
Soul 70's Collection,930608,8000,207
3T,92467239,228000,174
ChainsFR Shorts,20844073,163000,8
Paramount Pictures,2530095020,3330000,1812
Rebecca Zamolo,7076346448,15200000,982
WELUCK,36018084,44000,198
Guitar Songs,14783966,61500,188
Relaxing Melody,7107964,16300,691
WB Kids,12094188718,26900000,2172
60 Minutes,745280062,2670000,3214
VICE News,3156884335,8840000,6480
Mattias Krantz,191244882,1290000,272
SmarterEveryDay,1175032885,11400000,375
Phil Edwards,21323485,300000,87
ABC News,14083290454,15900000,86250
Church Extension Plan,2673,17,50
Healing Soul,100958916,200000,725
WA Senate,873,41,8
Country Cast,204351730,499000,1476
Lucid Dream,101520464,559000,808
Craftee,1613141640,4370000,385
REBOUND Football,91856296,297000,45
Paleovalley,312413,836,8
News 9 YouTube,22133975,53400,25491
Cleaning The Dirtiest,254293142,871000,256
Finance Economist,4640968,19400,243
Unspeakable,9997425768,16900000,863
NFL Throwback,692197702,917000,1505
Google Play,136274659,1080000,870
Mother The Mountain Farm,198956721,722000,256
Geography By Geoff,60223726,384000,176
MAD LAB,1039172606,4100000,190
HALIDONMUSIC,2025598600,4190000,1995
Real Alex Clark,93978014,196000,1788
Selected Sounds Spain,18830900,34000,210
RnB Soul Rhythm,4810724,15500,89
Jazz House,11667219,21600,214
Movieguide,26107328,27900,1918
Ghibli Music,34951771,100000,91
WGN News,537600594,516000,51726
Kiun B,243113412,1140000,67
JKrew Gaming,752905372,1670000,747
The B1M,529181657,3100000,534
Club Shay Shay,479665128,2760000,1849
Tina Mini Cooking,45202184,214000,52
KingSwish,847890703,769000,1126
DSARM,64614867,173000,298
Pie Insurance,4800216,479,35
Soft Rock Rhythms,2242670,6860,97
Nick DiGiovanni,7873214759,14400000,813
CNN-News18,2967286345,6660000,160117
TechZone,1339232398,4590000,908
JAZZ & BLUES,129944856,526000,392
Magic Club,259953293,2640000,670
Holiday Hits,127024589,178000,136
Disney Junior,17740153058,18200000,4485
McCormick Spice,123137442,136000,359
Queen Radio,1260445,20700,186
sabtuahad,3638039,3280,76
Hollywood Action,56588925,208000,23
Will Tennyson,500138150,2390000,427
